{
  "swipe": {
    "SVM": {
      "k": 22,
      "threshold": 0.6400362211578341,
      "acc": 0.9466606975448499,
      "far": 0.042110019616072095,
      "frr": 0.06456858529422817,
      "eer": 0.03730962684456763,
      "prec": 0.9595258126396554,
      "rec": 0.9354314147057718,
      "f1": 0.9455181201029558,
      "auc": 0.9872022384860271,
      "cv_auc": 0.9870046490893292,
      "hits": 1760,
      "miss": 100
    },
    "Random Forest": {
      "k": 18,
      "threshold": 0.5791176470588235,
      "acc": 0.9553012971443581,
      "far": 0.03846848713530647,
      "frr": 0.050928918575977394,
      "eer": 0.032359263690644964,
      "prec": 0.9621684994600979,
      "rec": 0.9490710814240224,
      "f1": 0.9543260190213732,
      "auc": 0.9902530242349835,
      "cv_auc": 0.9924852732916728,
      "hits": 1777,
      "miss": 83
    },
    "XGBoost": {
      "k": 14,
      "threshold": 0.6241643906516188,
      "acc": 0.9504758263346237,
      "far": 0.05146283803124738,
      "frr": 0.047585509299505245,
      "eer": 0.0428440996964847,
      "prec": 0.9500072671105267,
      "rec": 0.9524144907004946,
      "f1": 0.950184343455583,
      "auc": 0.986046755144252,
      "cv_auc": 0.9866040935649856,
      "hits": 1768,
      "miss": 92
    },
    "KNN": {
      "k": 18,
      "threshold": 0.8654700499060555,
      "acc": 0.9398524566268137,
      "far": 0.057742020303362965,
      "frr": 0.06255306644300951,
      "eer": 0.05098704156562562,
      "prec": 0.9434225760536111,
      "rec": 0.9374469335569904,
      "f1": 0.9392623649333988,
      "auc": 0.9762433996139745,
      "cv_auc": 0.9786810177720004,
      "hits": 1748,
      "miss": 112
    }
  },
  "table": {
    "SVM": {
      "k": 92,
      "threshold": 0.5120942628556561,
      "acc": 0.9522058823529411,
      "far": 0.029411764705882353,
      "frr": 0.0661764705882353,
      "eer": 0.022058823529411766,
      "prec": 0.972549019607843,
      "rec": 0.9338235294117647,
      "f1": 0.9467787114845938,
      "auc": 0.9908088235294118,
      "cv_auc": 0.9632352941176471,
      "hits": 259,
      "miss": 13
    },
    "Random Forest": {
      "k": 22,
      "threshold": 0.6591176470588236,
      "acc": 0.9044117647058824,
      "far": 0.08823529411764706,
      "frr": 0.10294117647058823,
      "eer": 0.022058823529411766,
      "prec": 0.9310224089635855,
      "rec": 0.8970588235294118,
      "f1": 0.8980710466004584,
      "auc": 0.9825367647058824,
      "cv_auc": 0.9313725490196078,
      "hits": 246,
      "miss": 26
    },
    "XGBoost": {
      "k": 30,
      "threshold": 0.6507739209953476,
      "acc": 0.8639705882352942,
      "far": 0.1323529411764706,
      "frr": 0.13970588235294118,
      "eer": 0.029411764705882353,
      "prec": 0.9045518207282913,
      "rec": 0.8602941176470589,
      "f1": 0.8629636703166115,
      "auc": 0.9632352941176471,
      "cv_auc": 0.8821078431372549,
      "hits": 235,
      "miss": 37
    },
    "KNN": {
      "k": 38,
      "threshold": 0.7942754677114345,
      "acc": 0.9117647058823529,
      "far": 0.1323529411764706,
      "frr": 0.04411764705882353,
      "eer": 0.029411764705882353,
      "prec": 0.8996498599439775,
      "rec": 0.9558823529411765,
      "f1": 0.918892708598591,
      "auc": 0.9797794117647058,
      "cv_auc": 0.9426470588235293,
      "hits": 248,
      "miss": 24
    }
  },
  "pickup": {
    "SVM": {
      "k": 46,
      "threshold": 0.5281071072083855,
      "acc": 0.9522058823529411,
      "far": 0.014705882352941176,
      "frr": 0.08088235294117647,
      "eer": 0.01838235294117647,
      "prec": 0.9882352941176471,
      "rec": 0.9191176470588235,
      "f1": 0.945845004668534,
      "auc": 0.9908088235294118,
      "cv_auc": 0.9705882352941176,
      "hits": 259,
      "miss": 13
    },
    "Random Forest": {
      "k": 32,
      "threshold": 0.6647058823529411,
      "acc": 0.9227941176470589,
      "far": 0.03676470588235294,
      "frr": 0.11764705882352941,
      "eer": 0.003676470588235294,
      "prec": 0.9705882352941176,
      "rec": 0.8823529411764706,
      "f1": 0.9108309990662932,
      "auc": 0.9963235294117647,
      "cv_auc": 0.963970588235294,
      "hits": 251,
      "miss": 21
    },
    "XGBoost": {
      "k": 60,
      "threshold": 0.6648617987247074,
      "acc": 0.8566176470588235,
      "far": 0.10294117647058823,
      "frr": 0.18382352941176472,
      "eer": 0.07352941176470588,
      "prec": 0.8696078431372549,
      "rec": 0.8161764705882353,
      "f1": 0.8259570494864612,
      "auc": 0.9494485294117647,
      "cv_auc": 0.9088235294117648,
      "hits": 233,
      "miss": 39
    },
    "KNN": {
      "k": 48,
      "threshold": 0.7821205044594146,
      "acc": 0.9117647058823529,
      "far": 0.125,
      "frr": 0.051470588235294115,
      "eer": 0.03308823529411765,
      "prec": 0.909453781512605,
      "rec": 0.9485294117647058,
      "f1": 0.9198264154146507,
      "auc": 0.9816176470588235,
      "cv_auc": 0.9637254901960784,
      "hits": 248,
      "miss": 24
    }
  },
  "zoom": {
    "SVM": {
      "k": 10,
      "threshold": 0.6757098282155031,
      "acc": 0.9044117647058824,
      "far": 0.007352941176470588,
      "frr": 0.18382352941176472,
      "eer": 0.014705882352941176,
      "prec": 0.9941176470588234,
      "rec": 0.8161764705882353,
      "f1": 0.8774042950513539,
      "auc": 0.9963235294117647,
      "cv_auc": 0.9828431372549019,
      "hits": 246,
      "miss": 26
    },
    "Random Forest": {
      "k": 12,
      "threshold": 0.6652941176470587,
      "acc": 0.9227941176470589,
      "far": 0.0,
      "frr": 0.15441176470588236,
      "eer": 0.014705882352941176,
      "prec": 1.0,
      "rec": 0.8455882352941176,
      "f1": 0.9025210084033612,
      "auc": 0.9898897058823529,
      "cv_auc": 0.9838235294117648,
      "hits": 251,
      "miss": 21
    },
    "XGBoost": {
      "k": 20,
      "threshold": 0.7136208572808433,
      "acc": 0.8676470588235294,
      "far": 0.014705882352941176,
      "frr": 0.25,
      "eer": 0.051470588235294115,
      "prec": 0.9843137254901961,
      "rec": 0.75,
      "f1": 0.8278244631185807,
      "auc": 0.9724264705882353,
      "cv_auc": 0.9392156862745097,
      "hits": 236,
      "miss": 36
    },
    "KNN": {
      "k": 10,
      "threshold": 0.8600073079882141,
      "acc": 0.9411764705882353,
      "far": 0.029411764705882353,
      "frr": 0.08823529411764706,
      "eer": 0.007352941176470588,
      "prec": 0.975,
      "rec": 0.9117647058823529,
      "f1": 0.936624649859944,
      "auc": 0.9981617647058824,
      "cv_auc": 0.9779411764705882,
      "hits": 256,
      "miss": 16
    }
  }
}